{"cameraMode":{"drawMode":0,"name":"Shaded","section":"Shading Mode"},"sceneLighting":true,"audioPlay":false,"sceneViewState":{"showFog":true,"showMaterialUpdate":false,"showSkybox":true,"showFlares":true,"showImageEffects":true,"showParticleSystems":true},"in2DMode":false,"pivot":{"x":-1.0939281753511714e-33,"y":0.5314154028892517,"z":0.01756492629647255},"rotation":{"x":0.1072225421667099,"y":0.0691380649805069,"z":0.007474538870155811,"w":-0.9918047785758972},"size":2.3317055702209474,"orthographic":false}